{
  "weights": [
    0.34210087661679556,
    -0.021427017952390597,
    0.333206426620804,
    0.0005092982578040037
  ],
  "bias": 0.34962335305057257
}